week,time_quarter,beauty,bedding,clothes,electronics,food,furniture,goods,health,kitchen,necessaries,underwear
林富,缴具,59334500.0,,38865727.27272727,36928485.71428572,33492000.0,31962541.666666668,27829000.0,,,45656666.666666664,114990615.38461539
林富,坷傈,106307000.0,,114189689.65517241,26137000.0,91134000.0,,35285666.666666664,115670000.0,105218750.0,56864000.0,120048000.0
林富,坷饶,127085000.0,58091500.0,62710892.85714286,19827062.5,,,48946384.615384616,,80615235.29411764,89960000.0,153076666.66666666
林富,历翅,140057666.66666666,,48265750.0,53026500.0,152902823.52941176,29354428.57142857,69165000.0,128737250.0,62379000.0,,132289800.0
乞老,缴具,66515750.0,,27215173.913043477,36239419.35483871,84413500.0,30171910.714285713,33829040.0,91061857.14285715,57317625.0,52406875.0,116236592.5925926
乞老,坷傈,107957000.0,29429666.666666668,75413240.0,,55210000.0,,38936333.333333336,82847285.71428572,64216133.333333336,59503363.63636363,80241761.90476191
乞老,坷饶,79936666.66666667,39656300.0,69479750.0,,108118000.0,,63081642.85714286,88207200.0,51124750.0,64979500.0,101974615.38461539
乞老,历翅,101569500.0,,55694090.90909091,22482357.14285714,131514760.86956522,19141166.666666668,48033000.0,85589500.0,48858644.44444445,97052500.0,82627777.77777778
